<?xml version="1.0" encoding="UTF-8"?>
<!-- Created by XMLPrettyPrinter on 1/25/2011 from JDesigner 2.3.45 -->
<sbml xmlns = "http://www.sbml.org/sbml/level2" level = "2" version = "1" xmlns:jd2 = "http://www.sys-bio.org/sbml/jd2">
   <!--                     -->
   <!--  Model Starts Here  -->
   <!--                     -->
   <model id = "BorisEJB" name = "BorisEJB">
      <annotation>
         <jd2:JDesignerLayout version = "2.0" MajorVersion = "2" MinorVersion = "3" BuildVersion = "45"
                              xmlns:jd2 = "http://www.sys-bio.org/sbml/jd2">
            <jd2:header>
               <jd2:VersionHeader JDesignerVersion = "1.0"/>
               <jd2:ModelHeader Author = "" ModelVersion = "" ModelTitle = "BorisEJB"/>
               <jd2:TimeCourseDetails timeStart = "0" timeEnd = "4000" numberOfPoints = "1000"/>
            </jd2:header>
            <jd2:JDGraphicsHeader BackGroundColor = "FFFFFFEF"/>
            <jd2:listOfCompartments>
               <jd2:compartment id = "compartment" size = "1" visible = "false">
                  <jd2:boundingBox x = "0" y = "0" w = "0" h = "0"/>
                  <jd2:membraneStyle thickness = "12" color = "FF00A5FF"/>
                  <jd2:interiorStyle color = "FFEEEEFF"/>
                  <jd2:text value = "compartment" visible = "true">
                     <jd2:position rx = "-31" ry = "-16"/>
                     <jd2:font fontName = "Arial" fontSize = "8" fontStyle = "" fontColor = "FF000000"/>
                  </jd2:text>
               </jd2:compartment>
            </jd2:listOfCompartments>
            <jd2:listOfSpecies>
               <jd2:species id = "MKKK" boundaryCondition = "false" compartment = "compartment" initialConcentration = "90">
                  <jd2:positionLocked value = "false"/>
                  <jd2:boundingBox x = "41" y = "74"/>
                  <jd2:displayValue visible = "false">
                     <jd2:position rx = "0" ry = "0"/>
                     <jd2:font fontName = "Arial" fontSize = "8" fontColor = "FF000000" fontStyle = ""/>
                  </jd2:displayValue>
                  <jd2:text value = "MKKK" visible = "true">
                     <jd2:position rx = "4" ry = "6"/>
                     <jd2:font fontName = "Arial" fontSize = "8" fontStyle = "" fontColor = "FF000000"/>
                  </jd2:text>
                  <jd2:complex id = "DefaultMolecule" w = "43" h = "24" boundarySpeciesStyle = "bsBox"
                               boundaryStyleColor = "FF0000FF" captionPosition = "npCenter" aliasBoundaryColor = "FFFF0000" aliasBoundaryThickness = "3">
                     <jd2:subunit shape = "suRoundSquare">
                        <jd2:boundingBox rx = "0" ry = "0" w = "43" h = "24"/>
                        <jd2:text value = "S1" visible = "false">
                           <jd2:position rx = "15" ry = "5"/>
                           <jd2:font fontName = "Arial" fontSize = "8" fontColor = "FF000000" fontStyle = ""/>
                        </jd2:text>
                        <jd2:color scheme = "gtHorizLinear" startColor = "FFCCFFFF" endColor = "FFFFFFFF"/>
                        <jd2:edgeStyle color = "FF969696" thickness = "1" stroke = "dsSolid"/>
                     </jd2:subunit>
                  </jd2:complex>
               </jd2:species>
               <jd2:species id = "MKKK_P" boundaryCondition = "false" compartment = "compartment" initialConcentration = "10">
                  <jd2:positionLocked value = "false"/>
                  <jd2:boundingBox x = "179" y = "74"/>
                  <jd2:displayValue visible = "false">
                     <jd2:position rx = "0" ry = "0"/>
                     <jd2:font fontName = "Arial" fontSize = "8" fontColor = "FF000000" fontStyle = ""/>
                  </jd2:displayValue>
                  <jd2:text value = "MKKK_P" visible = "true">
                     <jd2:position rx = "3" ry = "6"/>
                     <jd2:font fontName = "Arial" fontSize = "8" fontStyle = "" fontColor = "FF000000"/>
                  </jd2:text>
                  <jd2:complex id = "DefaultMolecule" w = "55" h = "24" boundarySpeciesStyle = "bsBox"
                               boundaryStyleColor = "FF0000FF" captionPosition = "npCenter" aliasBoundaryColor = "FFFF0000" aliasBoundaryThickness = "3">
                     <jd2:subunit shape = "suRoundSquare">
                        <jd2:boundingBox rx = "0" ry = "0" w = "55" h = "24"/>
                        <jd2:text value = "S1" visible = "false">
                           <jd2:position rx = "21" ry = "5"/>
                           <jd2:font fontName = "Arial" fontSize = "8" fontColor = "FF000000" fontStyle = ""/>
                        </jd2:text>
                        <jd2:color scheme = "gtHorizLinear" startColor = "FFCCFFFF" endColor = "FFFFFFFF"/>
                        <jd2:edgeStyle color = "FF969696" thickness = "1" stroke = "dsSolid"/>
                     </jd2:subunit>
                  </jd2:complex>
               </jd2:species>
               <jd2:species id = "MKK" boundaryCondition = "false" compartment = "compartment" initialConcentration = "280">
                  <jd2:positionLocked value = "false"/>
                  <jd2:boundingBox x = "78" y = "197"/>
                  <jd2:displayValue visible = "false">
                     <jd2:position rx = "0" ry = "0"/>
                     <jd2:font fontName = "Arial" fontSize = "8" fontColor = "FF000000" fontStyle = ""/>
                  </jd2:displayValue>
                  <jd2:text value = "MKK" visible = "true">
                     <jd2:position rx = "4" ry = "6"/>
                     <jd2:font fontName = "Arial" fontSize = "8" fontStyle = "" fontColor = "FF000000"/>
                  </jd2:text>
                  <jd2:complex id = "DefaultMolecule" w = "36" h = "24" boundarySpeciesStyle = "bsBox"
                               boundaryStyleColor = "FF0000FF" captionPosition = "npCenter" aliasBoundaryColor = "FFFF0000" aliasBoundaryThickness = "3">
                     <jd2:subunit shape = "suRoundSquare">
                        <jd2:boundingBox rx = "0" ry = "0" w = "36" h = "24"/>
                        <jd2:text value = "S1" visible = "false">
                           <jd2:position rx = "12" ry = "5"/>
                           <jd2:font fontName = "Arial" fontSize = "8" fontColor = "FF000000" fontStyle = ""/>
                        </jd2:text>
                        <jd2:color scheme = "gtHorizLinear" startColor = "FFCCFFFF" endColor = "FFFFFFFF"/>
                        <jd2:edgeStyle color = "FF969696" thickness = "1" stroke = "dsSolid"/>
                     </jd2:subunit>
                  </jd2:complex>
               </jd2:species>
               <jd2:species id = "MKK_P" boundaryCondition = "false" compartment = "compartment" initialConcentration = "10">
                  <jd2:positionLocked value = "false"/>
                  <jd2:boundingBox x = "195" y = "197"/>
                  <jd2:displayValue visible = "false">
                     <jd2:position rx = "0" ry = "0"/>
                     <jd2:font fontName = "Arial" fontSize = "8" fontColor = "FF000000" fontStyle = ""/>
                  </jd2:displayValue>
                  <jd2:text value = "MKK_P" visible = "true">
                     <jd2:position rx = "3" ry = "6"/>
                     <jd2:font fontName = "Arial" fontSize = "8" fontStyle = "" fontColor = "FF000000"/>
                  </jd2:text>
                  <jd2:complex id = "DefaultMolecule" w = "48" h = "24" boundarySpeciesStyle = "bsBox"
                               boundaryStyleColor = "FF0000FF" captionPosition = "npCenter" aliasBoundaryColor = "FFFF0000" aliasBoundaryThickness = "3">
                     <jd2:subunit shape = "suRoundSquare">
                        <jd2:boundingBox rx = "0" ry = "0" w = "48" h = "24"/>
                        <jd2:text value = "S1" visible = "false">
                           <jd2:position rx = "18" ry = "5"/>
                           <jd2:font fontName = "Arial" fontSize = "8" fontColor = "FF000000" fontStyle = ""/>
                        </jd2:text>
                        <jd2:color scheme = "gtHorizLinear" startColor = "FFCCFFFF" endColor = "FFFFFFFF"/>
                        <jd2:edgeStyle color = "FF969696" thickness = "1" stroke = "dsSolid"/>
                     </jd2:subunit>
                  </jd2:complex>
               </jd2:species>
               <jd2:species id = "MKK_PP" boundaryCondition = "false" compartment = "compartment" initialConcentration = "10">
                  <jd2:positionLocked value = "false"/>
                  <jd2:boundingBox x = "312" y = "197"/>
                  <jd2:displayValue visible = "false">
                     <jd2:position rx = "0" ry = "0"/>
                     <jd2:font fontName = "Arial" fontSize = "8" fontColor = "FF000000" fontStyle = ""/>
                  </jd2:displayValue>
                  <jd2:text value = "MKK_PP" visible = "true">
                     <jd2:position rx = "3" ry = "6"/>
                     <jd2:font fontName = "Arial" fontSize = "8" fontStyle = "" fontColor = "FF000000"/>
                  </jd2:text>
                  <jd2:complex id = "DefaultMolecule" w = "54" h = "24" boundarySpeciesStyle = "bsBox"
                               boundaryStyleColor = "FF0000FF" captionPosition = "npCenter" aliasBoundaryColor = "FFFF0000" aliasBoundaryThickness = "3">
                     <jd2:subunit shape = "suRoundSquare">
                        <jd2:boundingBox rx = "0" ry = "0" w = "54" h = "24"/>
                        <jd2:text value = "S1" visible = "false">
                           <jd2:position rx = "21" ry = "5"/>
                           <jd2:font fontName = "Arial" fontSize = "8" fontColor = "FF000000" fontStyle = ""/>
                        </jd2:text>
                        <jd2:color scheme = "gtHorizLinear" startColor = "FFCCFFFF" endColor = "FFFFFFFF"/>
                        <jd2:edgeStyle color = "FF969696" thickness = "1" stroke = "dsSolid"/>
                     </jd2:subunit>
                  </jd2:complex>
               </jd2:species>
               <jd2:species id = "MAPK" boundaryCondition = "false" compartment = "compartment" initialConcentration = "280">
                  <jd2:positionLocked value = "false"/>
                  <jd2:boundingBox x = "166" y = "318"/>
                  <jd2:displayValue visible = "false">
                     <jd2:position rx = "0" ry = "0"/>
                     <jd2:font fontName = "Arial" fontSize = "8" fontColor = "FF000000" fontStyle = ""/>
                  </jd2:displayValue>
                  <jd2:text value = "MAPK" visible = "true">
                     <jd2:position rx = "4" ry = "6"/>
                     <jd2:font fontName = "Arial" fontSize = "8" fontStyle = "" fontColor = "FF000000"/>
                  </jd2:text>
                  <jd2:complex id = "DefaultMolecule" w = "43" h = "24" boundarySpeciesStyle = "bsBox"
                               boundaryStyleColor = "FF0000FF" captionPosition = "npCenter" aliasBoundaryColor = "FFFF0000" aliasBoundaryThickness = "3">
                     <jd2:subunit shape = "suRoundSquare">
                        <jd2:boundingBox rx = "0" ry = "0" w = "43" h = "24"/>
                        <jd2:text value = "S1" visible = "false">
                           <jd2:position rx = "15" ry = "5"/>
                           <jd2:font fontName = "Arial" fontSize = "8" fontColor = "FF000000" fontStyle = ""/>
                        </jd2:text>
                        <jd2:color scheme = "gtHorizLinear" startColor = "FFCCFFFF" endColor = "FFFFFFFF"/>
                        <jd2:edgeStyle color = "FF969696" thickness = "1" stroke = "dsSolid"/>
                     </jd2:subunit>
                  </jd2:complex>
               </jd2:species>
               <jd2:species id = "MAPK_P" boundaryCondition = "false" compartment = "compartment" initialConcentration = "10">
                  <jd2:positionLocked value = "false"/>
                  <jd2:boundingBox x = "326" y = "318"/>
                  <jd2:displayValue visible = "false">
                     <jd2:position rx = "0" ry = "0"/>
                     <jd2:font fontName = "Arial" fontSize = "8" fontColor = "FF000000" fontStyle = ""/>
                  </jd2:displayValue>
                  <jd2:text value = "MAPK_P" visible = "true">
                     <jd2:position rx = "3" ry = "6"/>
                     <jd2:font fontName = "Arial" fontSize = "8" fontStyle = "" fontColor = "FF000000"/>
                  </jd2:text>
                  <jd2:complex id = "DefaultMolecule" w = "55" h = "24" boundarySpeciesStyle = "bsBox"
                               boundaryStyleColor = "FF0000FF" captionPosition = "npCenter" aliasBoundaryColor = "FFFF0000" aliasBoundaryThickness = "3">
                     <jd2:subunit shape = "suRoundSquare">
                        <jd2:boundingBox rx = "0" ry = "0" w = "55" h = "24"/>
                        <jd2:text value = "S1" visible = "false">
                           <jd2:position rx = "21" ry = "5"/>
                           <jd2:font fontName = "Arial" fontSize = "8" fontColor = "FF000000" fontStyle = ""/>
                        </jd2:text>
                        <jd2:color scheme = "gtHorizLinear" startColor = "FFCCFFFF" endColor = "FFFFFFFF"/>
                        <jd2:edgeStyle color = "FF969696" thickness = "1" stroke = "dsSolid"/>
                     </jd2:subunit>
                  </jd2:complex>
               </jd2:species>
               <jd2:species id = "MAPK_PP" boundaryCondition = "false" compartment = "compartment" initialConcentration = "10">
                  <jd2:positionLocked value = "false"/>
                  <jd2:boundingBox x = "486" y = "312"/>
                  <jd2:displayValue visible = "false">
                     <jd2:position rx = "0" ry = "0"/>
                     <jd2:font fontName = "Arial" fontSize = "8" fontColor = "FF000000" fontStyle = ""/>
                  </jd2:displayValue>
                  <jd2:text value = "MAPK_PP" visible = "true">
                     <jd2:position rx = "2" ry = "6"/>
                     <jd2:font fontName = "Arial" fontSize = "8" fontStyle = "" fontColor = "FF000000"/>
                  </jd2:text>
                  <jd2:complex id = "DefaultMolecule" w = "61" h = "24" boundarySpeciesStyle = "bsBox"
                               boundaryStyleColor = "FF0000FF" captionPosition = "npCenter" aliasBoundaryColor = "FFFF0000" aliasBoundaryThickness = "3">
                     <jd2:subunit shape = "suRoundSquare">
                        <jd2:boundingBox rx = "0" ry = "0" w = "61" h = "24"/>
                        <jd2:text value = "S1" visible = "false">
                           <jd2:position rx = "24" ry = "5"/>
                           <jd2:font fontName = "Arial" fontSize = "8" fontColor = "FF000000" fontStyle = ""/>
                        </jd2:text>
                        <jd2:color scheme = "gtHorizLinear" startColor = "FFCCFFFF" endColor = "FFFFFFFF"/>
                        <jd2:edgeStyle color = "FF969696" thickness = "1" stroke = "dsSolid"/>
                     </jd2:subunit>
                  </jd2:complex>
               </jd2:species>
            </jd2:listOfSpecies>
            <jd2:listOfReactions>
               <jd2:reaction id = "J0" reversible = "false">
                  <jd2:listOfReactants>
                     <jd2:speciesReference species = "MKKK" stoichiometry = "1"/>
                  </jd2:listOfReactants>
                  <jd2:listOfProducts>
                     <jd2:speciesReference species = "MKKK_P" stoichiometry = "1"/>
                  </jd2:listOfProducts>
                  <jd2:listOfModifierEdges>
                     <jd2:modifierEdge>
                        <jd2:speciesReference species = "MAPK_PP"/>
                        <jd2:destinationReaction name = "J0" regulatorType = "rtNegative" relativePosition = "0.555555555555556" destinationArcId = "0"
                                                 destinationLineSegmentId = "0"/>
                        <jd2:display lineThickness = "2" lineColor = "FFFF0000" lineDashStyle = "dsSolid" negativeMarkerStyle = "rmBar">
                           <jd2:lineType type = "ltSegmentedLine">
                              <jd2:pt x = "516" y = "324" type = "modifier" speciesRef = "MAPK_PP"/>
                              <jd2:pt x = "305" y = "11"/>
                              <jd2:pt x = "131" y = "11"/>
                              <jd2:pt x = "132" y = "35"/>
                           </jd2:lineType>
                        </jd2:display>
                     </jd2:modifierEdge>
                  </jd2:listOfModifierEdges>
                  <jd2:kineticLaw type = "explicit">
                     <jd2:rateEquation value = "J0_V1*MKKK/((1+pow(MAPK_PP/J0_Ki,J0_n))*(J0_K1+MKKK))"/>
                  </jd2:kineticLaw>
                  <jd2:display arrowStyle = "ar1" arrowFillColor = "FFC0C0C0" lineColor = "FFFF9900" lineThickness = "2">
                     <jd2:lineType type = "ltBezier">
                        <jd2:edge>
                           <jd2:pt x = "62" y = "86" type = "substrate" speciesRef = "MKKK"/>
                           <jd2:pt x = "127" y = "34" type = "controlPoint"/>
                           <jd2:pt x = "128" y = "34" type = "controlPoint"/>
                           <jd2:pt x = "206" y = "86" type = "product" speciesRef = "MKKK_P"/>
                        </jd2:edge>
                     </jd2:lineType>
                  </jd2:display>
               </jd2:reaction>
               <jd2:reaction id = "J1" reversible = "false">
                  <jd2:listOfReactants>
                     <jd2:speciesReference species = "MKKK_P" stoichiometry = "1"/>
                  </jd2:listOfReactants>
                  <jd2:listOfProducts>
                     <jd2:speciesReference species = "MKKK" stoichiometry = "1"/>
                  </jd2:listOfProducts>
                  <jd2:listOfModifierEdges/>
                  <jd2:kineticLaw type = "explicit">
                     <jd2:rateEquation value = "J1_V2*MKKK_P/(J1_KK2+MKKK_P)"/>
                  </jd2:kineticLaw>
                  <jd2:display arrowStyle = "ar1" arrowFillColor = "FFC0C0C0" lineColor = "FFFF9900" lineThickness = "2">
                     <jd2:lineType type = "ltBezier">
                        <jd2:edge>
                           <jd2:pt x = "206" y = "86" type = "substrate" speciesRef = "MKKK_P"/>
                           <jd2:pt x = "131" y = "115" type = "controlPoint"/>
                           <jd2:pt x = "131" y = "115" type = "controlPoint"/>
                           <jd2:pt x = "62" y = "86" type = "product" speciesRef = "MKKK"/>
                        </jd2:edge>
                     </jd2:lineType>
                  </jd2:display>
               </jd2:reaction>
               <jd2:reaction id = "J2" reversible = "false">
                  <jd2:listOfReactants>
                     <jd2:speciesReference species = "MKK" stoichiometry = "1"/>
                  </jd2:listOfReactants>
                  <jd2:listOfProducts>
                     <jd2:speciesReference species = "MKK_P" stoichiometry = "1"/>
                  </jd2:listOfProducts>
                  <jd2:listOfModifierEdges>
                     <jd2:modifierEdge>
                        <jd2:speciesReference species = "MKKK_P"/>
                        <jd2:destinationReaction name = "J2" regulatorType = "rtPositive" relativePosition = "0.577235772357724" destinationArcId = "0"
                                                 destinationLineSegmentId = "0"/>
                        <jd2:display lineThickness = "2" lineColor = "FF0000FF" lineDashStyle = "dsSolid" positiveMarkerStyle = "rmEmptyCircle">
                           <jd2:lineType type = "ltLine">
                              <jd2:pt x = "206" y = "86" type = "modifier" speciesRef = "MKKK_P"/>
                              <jd2:pt x = "156" y = "162"/>
                           </jd2:lineType>
                        </jd2:display>
                     </jd2:modifierEdge>
                  </jd2:listOfModifierEdges>
                  <jd2:kineticLaw type = "explicit">
                     <jd2:rateEquation value = "J2_k3*MKKK_P*MKK/(J2_KK3+MKK)"/>
                  </jd2:kineticLaw>
                  <jd2:display arrowStyle = "ar1" arrowFillColor = "FFC0C0C0" lineColor = "FFFF9900" lineThickness = "2">
                     <jd2:lineType type = "ltBezier">
                        <jd2:edge>
                           <jd2:pt x = "96" y = "209" type = "substrate" speciesRef = "MKK"/>
                           <jd2:pt x = "153" y = "163" type = "controlPoint"/>
                           <jd2:pt x = "153" y = "163" type = "controlPoint"/>
                           <jd2:pt x = "219" y = "209" type = "product" speciesRef = "MKK_P"/>
                        </jd2:edge>
                     </jd2:lineType>
                  </jd2:display>
               </jd2:reaction>
               <jd2:reaction id = "J3" reversible = "false">
                  <jd2:listOfReactants>
                     <jd2:speciesReference species = "MKK_P" stoichiometry = "1"/>
                  </jd2:listOfReactants>
                  <jd2:listOfProducts>
                     <jd2:speciesReference species = "MKK_PP" stoichiometry = "1"/>
                  </jd2:listOfProducts>
                  <jd2:listOfModifierEdges>
                     <jd2:modifierEdge>
                        <jd2:speciesReference species = "MKKK_P"/>
                        <jd2:destinationReaction name = "J3" regulatorType = "rtPositive" relativePosition = "0.55" destinationArcId = "0"
                                                 destinationLineSegmentId = "0"/>
                        <jd2:display lineThickness = "2" lineColor = "FF0000FF" lineDashStyle = "dsSolid" positiveMarkerStyle = "rmEmptyCircle">
                           <jd2:lineType type = "ltLine">
                              <jd2:pt x = "206" y = "86" type = "modifier" speciesRef = "MKKK_P"/>
                              <jd2:pt x = "271" y = "162"/>
                           </jd2:lineType>
                        </jd2:display>
                     </jd2:modifierEdge>
                  </jd2:listOfModifierEdges>
                  <jd2:kineticLaw type = "explicit">
                     <jd2:rateEquation value = "J3_k4*MKKK_P*MKK_P/(J3_KK4+MKK_P)"/>
                  </jd2:kineticLaw>
                  <jd2:display arrowStyle = "ar1" arrowFillColor = "FFC0C0C0" lineColor = "FFFF9900" lineThickness = "2">
                     <jd2:lineType type = "ltBezier">
                        <jd2:edge>
                           <jd2:pt x = "219" y = "209" type = "substrate" speciesRef = "MKK_P"/>
                           <jd2:pt x = "270" y = "163" type = "controlPoint"/>
                           <jd2:pt x = "270" y = "163" type = "controlPoint"/>
                           <jd2:pt x = "339" y = "209" type = "product" speciesRef = "MKK_PP"/>
                        </jd2:edge>
                     </jd2:lineType>
                  </jd2:display>
               </jd2:reaction>
               <jd2:reaction id = "J4" reversible = "false">
                  <jd2:listOfReactants>
                     <jd2:speciesReference species = "MKK_PP" stoichiometry = "1"/>
                  </jd2:listOfReactants>
                  <jd2:listOfProducts>
                     <jd2:speciesReference species = "MKK_P" stoichiometry = "1"/>
                  </jd2:listOfProducts>
                  <jd2:listOfModifierEdges/>
                  <jd2:kineticLaw type = "explicit">
                     <jd2:rateEquation value = "J4_V5*MKK_PP/(J4_KK5+MKK_PP)"/>
                  </jd2:kineticLaw>
                  <jd2:display arrowStyle = "ar1" arrowFillColor = "FFC0C0C0" lineColor = "FFFF9900" lineThickness = "2">
                     <jd2:lineType type = "ltBezier">
                        <jd2:edge>
                           <jd2:pt x = "339" y = "209" type = "substrate" speciesRef = "MKK_PP"/>
                           <jd2:pt x = "277" y = "233" type = "controlPoint"/>
                           <jd2:pt x = "277" y = "233" type = "controlPoint"/>
                           <jd2:pt x = "219" y = "209" type = "product" speciesRef = "MKK_P"/>
                        </jd2:edge>
                     </jd2:lineType>
                  </jd2:display>
               </jd2:reaction>
               <jd2:reaction id = "J5" reversible = "false">
                  <jd2:listOfReactants>
                     <jd2:speciesReference species = "MKK_P" stoichiometry = "1"/>
                  </jd2:listOfReactants>
                  <jd2:listOfProducts>
                     <jd2:speciesReference species = "MKK" stoichiometry = "1"/>
                  </jd2:listOfProducts>
                  <jd2:listOfModifierEdges/>
                  <jd2:kineticLaw type = "explicit">
                     <jd2:rateEquation value = "J5_V6*MKK_P/(J5_KK6+MKK_P)"/>
                  </jd2:kineticLaw>
                  <jd2:display arrowStyle = "ar1" arrowFillColor = "FFC0C0C0" lineColor = "FFFF9900" lineThickness = "2">
                     <jd2:lineType type = "ltBezier">
                        <jd2:edge>
                           <jd2:pt x = "219" y = "209" type = "substrate" speciesRef = "MKK_P"/>
                           <jd2:pt x = "154" y = "233" type = "controlPoint"/>
                           <jd2:pt x = "154" y = "233" type = "controlPoint"/>
                           <jd2:pt x = "96" y = "209" type = "product" speciesRef = "MKK"/>
                        </jd2:edge>
                     </jd2:lineType>
                  </jd2:display>
               </jd2:reaction>
               <jd2:reaction id = "J6" reversible = "false">
                  <jd2:listOfReactants>
                     <jd2:speciesReference species = "MAPK" stoichiometry = "1"/>
                  </jd2:listOfReactants>
                  <jd2:listOfProducts>
                     <jd2:speciesReference species = "MAPK_P" stoichiometry = "1"/>
                  </jd2:listOfProducts>
                  <jd2:listOfModifierEdges>
                     <jd2:modifierEdge>
                        <jd2:speciesReference species = "MKK_PP"/>
                        <jd2:destinationReaction name = "J6" regulatorType = "rtPositive" relativePosition = "0.542168674698795" destinationArcId = "0"
                                                 destinationLineSegmentId = "0"/>
                        <jd2:display lineThickness = "2" lineColor = "FF0000FF" lineDashStyle = "dsSolid" positiveMarkerStyle = "rmEmptyCircle">
                           <jd2:lineType type = "ltLine">
                              <jd2:pt x = "339" y = "209" type = "modifier" speciesRef = "MKK_PP"/>
                              <jd2:pt x = "266" y = "283"/>
                           </jd2:lineType>
                        </jd2:display>
                     </jd2:modifierEdge>
                  </jd2:listOfModifierEdges>
                  <jd2:kineticLaw type = "explicit">
                     <jd2:rateEquation value = "J6_k7*MKK_PP*MAPK/(J6_KK7+MAPK)"/>
                  </jd2:kineticLaw>
                  <jd2:display arrowStyle = "ar1" arrowFillColor = "FFC0C0C0" lineColor = "FFFF9900" lineThickness = "2">
                     <jd2:lineType type = "ltBezier">
                        <jd2:edge>
                           <jd2:pt x = "187" y = "330" type = "substrate" speciesRef = "MAPK"/>
                           <jd2:pt x = "266" y = "284" type = "controlPoint"/>
                           <jd2:pt x = "266" y = "284" type = "controlPoint"/>
                           <jd2:pt x = "353" y = "330" type = "product" speciesRef = "MAPK_P"/>
                        </jd2:edge>
                     </jd2:lineType>
                  </jd2:display>
               </jd2:reaction>
               <jd2:reaction id = "J7" reversible = "false">
                  <jd2:listOfReactants>
                     <jd2:speciesReference species = "MAPK_P" stoichiometry = "1"/>
                  </jd2:listOfReactants>
                  <jd2:listOfProducts>
                     <jd2:speciesReference species = "MAPK_PP" stoichiometry = "1"/>
                  </jd2:listOfProducts>
                  <jd2:listOfModifierEdges>
                     <jd2:modifierEdge>
                        <jd2:speciesReference species = "MKK_PP"/>
                        <jd2:destinationReaction name = "J7" regulatorType = "rtPositive" relativePosition = "0.496932515337423" destinationArcId = "0"
                                                 destinationLineSegmentId = "0"/>
                        <jd2:display lineThickness = "2" lineColor = "FF0000FF" lineDashStyle = "dsSolid" positiveMarkerStyle = "rmEmptyCircle">
                           <jd2:lineType type = "ltLine">
                              <jd2:pt x = "339" y = "209" type = "modifier" speciesRef = "MKK_PP"/>
                              <jd2:pt x = "421" y = "284"/>
                           </jd2:lineType>
                        </jd2:display>
                     </jd2:modifierEdge>
                  </jd2:listOfModifierEdges>
                  <jd2:kineticLaw type = "explicit">
                     <jd2:rateEquation value = "J7_k8*MKK_PP*MAPK_P/(J7_KK8+MAPK_P)"/>
                  </jd2:kineticLaw>
                  <jd2:display arrowStyle = "ar1" arrowFillColor = "FFC0C0C0" lineColor = "FFFF9900" lineThickness = "2">
                     <jd2:lineType type = "ltBezier">
                        <jd2:edge>
                           <jd2:pt x = "353" y = "330" type = "substrate" speciesRef = "MAPK_P"/>
                           <jd2:pt x = "427" y = "284" type = "controlPoint"/>
                           <jd2:pt x = "427" y = "284" type = "controlPoint"/>
                           <jd2:pt x = "516" y = "324" type = "product" speciesRef = "MAPK_PP"/>
                        </jd2:edge>
                     </jd2:lineType>
                  </jd2:display>
               </jd2:reaction>
               <jd2:reaction id = "J8" reversible = "false">
                  <jd2:listOfReactants>
                     <jd2:speciesReference species = "MAPK_PP" stoichiometry = "1"/>
                  </jd2:listOfReactants>
                  <jd2:listOfProducts>
                     <jd2:speciesReference species = "MAPK_P" stoichiometry = "1"/>
                  </jd2:listOfProducts>
                  <jd2:listOfModifierEdges/>
                  <jd2:kineticLaw type = "explicit">
                     <jd2:rateEquation value = "J8_V9*MAPK_PP/(J8_KK9+MAPK_PP)"/>
                  </jd2:kineticLaw>
                  <jd2:display arrowStyle = "ar1" arrowFillColor = "FFC0C0C0" lineColor = "FFFF9900" lineThickness = "2">
                     <jd2:lineType type = "ltBezier">
                        <jd2:edge>
                           <jd2:pt x = "516" y = "324" type = "substrate" speciesRef = "MAPK_PP"/>
                           <jd2:pt x = "433" y = "355" type = "controlPoint"/>
                           <jd2:pt x = "433" y = "355" type = "controlPoint"/>
                           <jd2:pt x = "353" y = "330" type = "product" speciesRef = "MAPK_P"/>
                        </jd2:edge>
                     </jd2:lineType>
                  </jd2:display>
               </jd2:reaction>
               <jd2:reaction id = "J9" reversible = "false">
                  <jd2:listOfReactants>
                     <jd2:speciesReference species = "MAPK_P" stoichiometry = "1"/>
                  </jd2:listOfReactants>
                  <jd2:listOfProducts>
                     <jd2:speciesReference species = "MAPK" stoichiometry = "1"/>
                  </jd2:listOfProducts>
                  <jd2:listOfModifierEdges/>
                  <jd2:kineticLaw type = "explicit">
                     <jd2:rateEquation value = "J9_V10*MAPK_P/(J9_KK10+MAPK_P)"/>
                  </jd2:kineticLaw>
                  <jd2:display arrowStyle = "ar1" arrowFillColor = "FFC0C0C0" lineColor = "FFFF9900" lineThickness = "2">
                     <jd2:lineType type = "ltBezier">
                        <jd2:edge>
                           <jd2:pt x = "353" y = "330" type = "substrate" speciesRef = "MAPK_P"/>
                           <jd2:pt x = "266" y = "349" type = "controlPoint"/>
                           <jd2:pt x = "266" y = "349" type = "controlPoint"/>
                           <jd2:pt x = "187" y = "330" type = "product" speciesRef = "MAPK"/>
                        </jd2:edge>
                     </jd2:lineType>
                  </jd2:display>
               </jd2:reaction>
            </jd2:listOfReactions>
         </jd2:JDesignerLayout>
      </annotation>
      <listOfCompartments>
         <compartment id = "compartment" size = "1"/>
      </listOfCompartments>
      <listOfSpecies>
         <species id = "MKKK" boundaryCondition = "false" initialConcentration = "90" compartment = "compartment"/>
         <species id = "MKKK_P" boundaryCondition = "false" initialConcentration = "10" compartment = "compartment"/>
         <species id = "MKK" boundaryCondition = "false" initialConcentration = "280" compartment = "compartment"/>
         <species id = "MKK_P" boundaryCondition = "false" initialConcentration = "10" compartment = "compartment"/>
         <species id = "MKK_PP" boundaryCondition = "false" initialConcentration = "10" compartment = "compartment"/>
         <species id = "MAPK" boundaryCondition = "false" initialConcentration = "280" compartment = "compartment"/>
         <species id = "MAPK_P" boundaryCondition = "false" initialConcentration = "10" compartment = "compartment"/>
         <species id = "MAPK_PP" boundaryCondition = "false" initialConcentration = "10" compartment = "compartment"/>
      </listOfSpecies>
      <listOfParameters>
         <parameter id = "J0_V1" value = "2.5"/>
         <parameter id = "J0_Ki" value = "9"/>
         <parameter id = "J0_n" value = "1"/>
         <parameter id = "J0_K1" value = "10"/>
         <parameter id = "J1_V2" value = "0.25"/>
         <parameter id = "J1_KK2" value = "8"/>
         <parameter id = "J2_k3" value = "0.025"/>
         <parameter id = "J2_KK3" value = "15"/>
         <parameter id = "J3_k4" value = "0.025"/>
         <parameter id = "J3_KK4" value = "15"/>
         <parameter id = "J4_V5" value = "0.75"/>
         <parameter id = "J4_KK5" value = "15"/>
         <parameter id = "J5_V6" value = "0.75"/>
         <parameter id = "J5_KK6" value = "15"/>
         <parameter id = "J6_k7" value = "0.025"/>
         <parameter id = "J6_KK7" value = "15"/>
         <parameter id = "J7_k8" value = "0.025"/>
         <parameter id = "J7_KK8" value = "15"/>
         <parameter id = "J8_V9" value = "0.5"/>
         <parameter id = "J8_KK9" value = "15"/>
         <parameter id = "J9_V10" value = "0.5"/>
         <parameter id = "J9_KK10" value = "15"/>
      </listOfParameters>
      <listOfReactions>
         <reaction id = "J0" reversible = "false">
            <listOfReactants>
               <speciesReference species = "MKKK" stoichiometry = "1"/>
            </listOfReactants>
            <listOfProducts>
               <speciesReference species = "MKKK_P" stoichiometry = "1"/>
            </listOfProducts>
            <listOfModifiers>
               <modifierSpeciesReference species = "MAPK_PP"/>
            </listOfModifiers>
            <kineticLaw>
               <math xmlns = "http://www.w3.org/1998/Math/MathML">
                  <apply>
                     <divide/>
                     <apply>
                        <times/>
                        <ci>
                              J0_V1
                        </ci>
                        <ci>
                              MKKK
                        </ci>
                     </apply>
                     <apply>
                        <times/>
                        <apply>
                           <plus/>
                           <cn type = "integer">
                                 1
                           </cn>
                           <apply>
                              <power/>
                              <apply>
                                 <divide/>
                                 <ci>
                                       MAPK_PP
                                 </ci>
                                 <ci>
                                       J0_Ki
                                 </ci>
                              </apply>
                              <ci>
                                    J0_n
                              </ci>
                           </apply>
                        </apply>
                        <apply>
                           <plus/>
                           <ci>
                                 J0_K1
                           </ci>
                           <ci>
                                 MKKK
                           </ci>
                        </apply>
                     </apply>
                  </apply>
               </math>
            </kineticLaw>
         </reaction>
         <reaction id = "J1" reversible = "false">
            <listOfReactants>
               <speciesReference species = "MKKK_P" stoichiometry = "1"/>
            </listOfReactants>
            <listOfProducts>
               <speciesReference species = "MKKK" stoichiometry = "1"/>
            </listOfProducts>
            <kineticLaw>
               <math xmlns = "http://www.w3.org/1998/Math/MathML">
                  <apply>
                     <divide/>
                     <apply>
                        <times/>
                        <ci>
                              J1_V2
                        </ci>
                        <ci>
                              MKKK_P
                        </ci>
                     </apply>
                     <apply>
                        <plus/>
                        <ci>
                              J1_KK2
                        </ci>
                        <ci>
                              MKKK_P
                        </ci>
                     </apply>
                  </apply>
               </math>
            </kineticLaw>
         </reaction>
         <reaction id = "J2" reversible = "false">
            <listOfReactants>
               <speciesReference species = "MKK" stoichiometry = "1"/>
            </listOfReactants>
            <listOfProducts>
               <speciesReference species = "MKK_P" stoichiometry = "1"/>
            </listOfProducts>
            <listOfModifiers>
               <modifierSpeciesReference species = "MKKK_P"/>
            </listOfModifiers>
            <kineticLaw>
               <math xmlns = "http://www.w3.org/1998/Math/MathML">
                  <apply>
                     <divide/>
                     <apply>
                        <times/>
                        <ci>
                              J2_k3
                        </ci>
                        <ci>
                              MKKK_P
                        </ci>
                        <ci>
                              MKK
                        </ci>
                     </apply>
                     <apply>
                        <plus/>
                        <ci>
                              J2_KK3
                        </ci>
                        <ci>
                              MKK
                        </ci>
                     </apply>
                  </apply>
               </math>
            </kineticLaw>
         </reaction>
         <reaction id = "J3" reversible = "false">
            <listOfReactants>
               <speciesReference species = "MKK_P" stoichiometry = "1"/>
            </listOfReactants>
            <listOfProducts>
               <speciesReference species = "MKK_PP" stoichiometry = "1"/>
            </listOfProducts>
            <listOfModifiers>
               <modifierSpeciesReference species = "MKKK_P"/>
            </listOfModifiers>
            <kineticLaw>
               <math xmlns = "http://www.w3.org/1998/Math/MathML">
                  <apply>
                     <divide/>
                     <apply>
                        <times/>
                        <ci>
                              J3_k4
                        </ci>
                        <ci>
                              MKKK_P
                        </ci>
                        <ci>
                              MKK_P
                        </ci>
                     </apply>
                     <apply>
                        <plus/>
                        <ci>
                              J3_KK4
                        </ci>
                        <ci>
                              MKK_P
                        </ci>
                     </apply>
                  </apply>
               </math>
            </kineticLaw>
         </reaction>
         <reaction id = "J4" reversible = "false">
            <listOfReactants>
               <speciesReference species = "MKK_PP" stoichiometry = "1"/>
            </listOfReactants>
            <listOfProducts>
               <speciesReference species = "MKK_P" stoichiometry = "1"/>
            </listOfProducts>
            <kineticLaw>
               <math xmlns = "http://www.w3.org/1998/Math/MathML">
                  <apply>
                     <divide/>
                     <apply>
                        <times/>
                        <ci>
                              J4_V5
                        </ci>
                        <ci>
                              MKK_PP
                        </ci>
                     </apply>
                     <apply>
                        <plus/>
                        <ci>
                              J4_KK5
                        </ci>
                        <ci>
                              MKK_PP
                        </ci>
                     </apply>
                  </apply>
               </math>
            </kineticLaw>
         </reaction>
         <reaction id = "J5" reversible = "false">
            <listOfReactants>
               <speciesReference species = "MKK_P" stoichiometry = "1"/>
            </listOfReactants>
            <listOfProducts>
               <speciesReference species = "MKK" stoichiometry = "1"/>
            </listOfProducts>
            <kineticLaw>
               <math xmlns = "http://www.w3.org/1998/Math/MathML">
                  <apply>
                     <divide/>
                     <apply>
                        <times/>
                        <ci>
                              J5_V6
                        </ci>
                        <ci>
                              MKK_P
                        </ci>
                     </apply>
                     <apply>
                        <plus/>
                        <ci>
                              J5_KK6
                        </ci>
                        <ci>
                              MKK_P
                        </ci>
                     </apply>
                  </apply>
               </math>
            </kineticLaw>
         </reaction>
         <reaction id = "J6" reversible = "false">
            <listOfReactants>
               <speciesReference species = "MAPK" stoichiometry = "1"/>
            </listOfReactants>
            <listOfProducts>
               <speciesReference species = "MAPK_P" stoichiometry = "1"/>
            </listOfProducts>
            <listOfModifiers>
               <modifierSpeciesReference species = "MKK_PP"/>
            </listOfModifiers>
            <kineticLaw>
               <math xmlns = "http://www.w3.org/1998/Math/MathML">
                  <apply>
                     <divide/>
                     <apply>
                        <times/>
                        <ci>
                              J6_k7
                        </ci>
                        <ci>
                              MKK_PP
                        </ci>
                        <ci>
                              MAPK
                        </ci>
                     </apply>
                     <apply>
                        <plus/>
                        <ci>
                              J6_KK7
                        </ci>
                        <ci>
                              MAPK
                        </ci>
                     </apply>
                  </apply>
               </math>
            </kineticLaw>
         </reaction>
         <reaction id = "J7" reversible = "false">
            <listOfReactants>
               <speciesReference species = "MAPK_P" stoichiometry = "1"/>
            </listOfReactants>
            <listOfProducts>
               <speciesReference species = "MAPK_PP" stoichiometry = "1"/>
            </listOfProducts>
            <listOfModifiers>
               <modifierSpeciesReference species = "MKK_PP"/>
            </listOfModifiers>
            <kineticLaw>
               <math xmlns = "http://www.w3.org/1998/Math/MathML">
                  <apply>
                     <divide/>
                     <apply>
                        <times/>
                        <ci>
                              J7_k8
                        </ci>
                        <ci>
                              MKK_PP
                        </ci>
                        <ci>
                              MAPK_P
                        </ci>
                     </apply>
                     <apply>
                        <plus/>
                        <ci>
                              J7_KK8
                        </ci>
                        <ci>
                              MAPK_P
                        </ci>
                     </apply>
                  </apply>
               </math>
            </kineticLaw>
         </reaction>
         <reaction id = "J8" reversible = "false">
            <listOfReactants>
               <speciesReference species = "MAPK_PP" stoichiometry = "1"/>
            </listOfReactants>
            <listOfProducts>
               <speciesReference species = "MAPK_P" stoichiometry = "1"/>
            </listOfProducts>
            <kineticLaw>
               <math xmlns = "http://www.w3.org/1998/Math/MathML">
                  <apply>
                     <divide/>
                     <apply>
                        <times/>
                        <ci>
                              J8_V9
                        </ci>
                        <ci>
                              MAPK_PP
                        </ci>
                     </apply>
                     <apply>
                        <plus/>
                        <ci>
                              J8_KK9
                        </ci>
                        <ci>
                              MAPK_PP
                        </ci>
                     </apply>
                  </apply>
               </math>
            </kineticLaw>
         </reaction>
         <reaction id = "J9" reversible = "false">
            <listOfReactants>
               <speciesReference species = "MAPK_P" stoichiometry = "1"/>
            </listOfReactants>
            <listOfProducts>
               <speciesReference species = "MAPK" stoichiometry = "1"/>
            </listOfProducts>
            <kineticLaw>
               <math xmlns = "http://www.w3.org/1998/Math/MathML">
                  <apply>
                     <divide/>
                     <apply>
                        <times/>
                        <ci>
                              J9_V10
                        </ci>
                        <ci>
                              MAPK_P
                        </ci>
                     </apply>
                     <apply>
                        <plus/>
                        <ci>
                              J9_KK10
                        </ci>
                        <ci>
                              MAPK_P
                        </ci>
                     </apply>
                  </apply>
               </math>
            </kineticLaw>
         </reaction>
      </listOfReactions>
   </model>
</sbml>
